{"stat.useItem.minecraft.stone":222,"stat.leaveGame":5,"stat.useItem.minecraft.log2":85,"stat.useItem.minecraft.bookshelf":68,"stat.useItem.minecraft.carpet":11,"stat.useItem.minecraft.potion":1,"stat.useItem.minecraft.glowstone":10,"stat.useItem.minecraft.stained_glass_pane":1,"stat.jump":1459,"stat.useItem.minecraft.planks":18,"stat.useItem.minecraft.piston":14,"stat.crouchOneCm":39136,"stat.craftItem.minecraft.banner":3,"stat.useItem.minecraft.redstone_torch":6,"stat.useItem.minecraft.dirt":71,"achievement.exploreAllBiomes":{"value":0,"progress":["Plains"]},"stat.useItem.minecraft.red_flower":1,"stat.useItem.minecraft.leaves2":477,"stat.useItem.minecraft.stone_brick_stairs":57,"stat.useItem.minecraft.gold_block":34,"stat.useItem.minecraft.anvil":8,"stat.flyOneCm":1970231,"stat.useItem.minecraft.enchanting_table":3,"stat.damageDealt":20,"stat.useItem.minecraft.wool":117,"stat.timeSinceDeath":269586,"stat.useItem.minecraft.crafting_table":2,"stat.useItem.minecraft.sign":52,"stat.useItem.minecraft.wooden_slab":62,"stat.useItem.minecraft.iron_bars":32,"stat.walkOneCm":645660,"stat.useItem.minecraft.torch":6,"stat.useItem.minecraft.chest":3,"stat.useItem.minecraft.pumpkin":23,"stat.useItem.minecraft.log":474,"stat.useItem.minecraft.cobblestone":667,"stat.useItem.minecraft.gravel":57,"stat.useItem.minecraft.armor_stand":2,"stat.useItem.minecraft.item_frame":4,"stat.useItem.minecraft.sea_lantern":1,"stat.useItem.minecraft.spruce_stairs":71,"stat.useItem.minecraft.stained_hardened_clay":77,"stat.useItem.minecraft.trapdoor":20,"stat.useItem.minecraft.leaves":883,"stat.sprintOneCm":151470,"stat.useItem.minecraft.tallgrass":13,"stat.useItem.minecraft.fence":26,"stat.useItem.minecraft.stone_stairs":285,"stat.useItem.minecraft.stone_slab":64,"achievement.openInventory":90,"stat.mobKills":1,"stat.useItem.minecraft.stonebrick":68,"stat.useItem.minecraft.dye":11,"stat.useItem.minecraft.monster_egg":11,"stat.useItem.minecraft.cobblestone_wall":42,"stat.drop":7,"stat.playOneMinute":269586,"stat.useItem.minecraft.banner":6}